{"data":{"phone":[]},"temp":{"+27747878214":{"phone":"+27747878214","url_code":"https:\/\/api.duraincloud.com\/out\/ext_api\/getMsg?name=Abdu775&pwd=Abdu775123&ApiKey=MnR3RjlYUlZDR1FCQlZ2Szg4REIwZz09&pid=0107&cuy=za&pn=%2B27747878214","url_ban":"https:\/\/api.duraincloud.com\/out\/ext_api\/passMobile?name=Abdu775&pwd=Abdu775123&ApiKey=MnR3RjlYUlZDR1FCQlZ2Szg4REIwZz09&pid=0107&pn=%2B27747878214"},"+27437482011":{"phone":"+27437482011","url_code":"https:\/\/api.duraincloud.com\/out\/ext_api\/getMsg?name=Abdu775&pwd=Abdu775123&ApiKey=MnR3RjlYUlZDR1FCQlZ2Szg4REIwZz09&pid=0107&cuy=za&pn=%2B27437482011","url_ban":"https:\/\/api.duraincloud.com\/out\/ext_api\/passMobile?name=Abdu775&pwd=Abdu775123&ApiKey=MnR3RjlYUlZDR1FCQlZ2Szg4REIwZz09&pid=0107&pn=%2B27437482011"},"+27789532439":{"phone":"+27789532439","url_code":"https:\/\/api.duraincloud.com\/out\/ext_api\/getMsg?name=Abdu775&pwd=Abdu775123&ApiKey=MnR3RjlYUlZDR1FCQlZ2Szg4REIwZz09&pid=0107&cuy=za&pn=%2B27789532439","url_ban":"https:\/\/api.duraincloud.com\/out\/ext_api\/passMobile?name=Abdu775&pwd=Abdu775123&ApiKey=MnR3RjlYUlZDR1FCQlZ2Szg4REIwZz09&pid=0107&pn=%2B27789532439"},"+27725882935":{"phone":"+27725882935","url_code":"https:\/\/api.duraincloud.com\/out\/ext_api\/getMsg?name=Abdu775&pwd=Abdu775123&ApiKey=MnR3RjlYUlZDR1FCQlZ2Szg4REIwZz09&pid=0107&cuy=za&pn=%2B27725882935","url_ban":"https:\/\/api.duraincloud.com\/out\/ext_api\/passMobile?name=Abdu775&pwd=Abdu775123&ApiKey=MnR3RjlYUlZDR1FCQlZ2Szg4REIwZz09&pid=0107&pn=%2B27725882935"},"+27640239348":{"phone":"+27640239348","url_code":"https:\/\/api.duraincloud.com\/out\/ext_api\/getMsg?name=Abdu775&pwd=Abdu775123&ApiKey=MnR3RjlYUlZDR1FCQlZ2Szg4REIwZz09&pid=0107&cuy=za&pn=%2B27640239348","url_ban":"https:\/\/api.duraincloud.com\/out\/ext_api\/passMobile?name=Abdu775&pwd=Abdu775123&ApiKey=MnR3RjlYUlZDR1FCQlZ2Szg4REIwZz09&pid=0107&pn=%2B27640239348"},"+27604839015":{"phone":"+27604839015","url_code":"https:\/\/api.duraincloud.com\/out\/ext_api\/getMsg?name=Abdu775&pwd=Abdu775123&ApiKey=MnR3RjlYUlZDR1FCQlZ2Szg4REIwZz09&pid=0107&cuy=za&pn=%2B27604839015","url_ban":"https:\/\/api.duraincloud.com\/out\/ext_api\/passMobile?name=Abdu775&pwd=Abdu775123&ApiKey=MnR3RjlYUlZDR1FCQlZ2Szg4REIwZz09&pid=0107&pn=%2B27604839015"},"+27731942318":{"phone":"+27731942318","url_code":"https:\/\/api.duraincloud.com\/out\/ext_api\/getMsg?name=Abdu775&pwd=Abdu775123&ApiKey=MnR3RjlYUlZDR1FCQlZ2Szg4REIwZz09&pid=0107&cuy=za&pn=%2B27731942318","url_ban":"https:\/\/api.duraincloud.com\/out\/ext_api\/passMobile?name=Abdu775&pwd=Abdu775123&ApiKey=MnR3RjlYUlZDR1FCQlZ2Szg4REIwZz09&pid=0107&pn=%2B27731942318"},"+27681740146":{"phone":"+27681740146","url_code":"https:\/\/api.duraincloud.com\/out\/ext_api\/getMsg?name=Abdu775&pwd=Abdu775123&ApiKey=MnR3RjlYUlZDR1FCQlZ2Szg4REIwZz09&pid=0107&cuy=za&pn=%2B27681740146","url_ban":"https:\/\/api.duraincloud.com\/out\/ext_api\/passMobile?name=Abdu775&pwd=Abdu775123&ApiKey=MnR3RjlYUlZDR1FCQlZ2Szg4REIwZz09&pid=0107&pn=%2B27681740146"},"+27640480658":{"phone":"+27640480658","url_code":"https:\/\/api.duraincloud.com\/out\/ext_api\/getMsg?name=Abdu775&pwd=Abdu775123&ApiKey=MnR3RjlYUlZDR1FCQlZ2Szg4REIwZz09&pid=0107&cuy=za&pn=%2B27640480658","url_ban":"https:\/\/api.duraincloud.com\/out\/ext_api\/passMobile?name=Abdu775&pwd=Abdu775123&ApiKey=MnR3RjlYUlZDR1FCQlZ2Szg4REIwZz09&pid=0107&pn=%2B27640480658"},"+27818853138":{"phone":"+27818853138","url_code":"https:\/\/api.duraincloud.com\/out\/ext_api\/getMsg?name=Abdu775&pwd=Abdu775123&ApiKey=MnR3RjlYUlZDR1FCQlZ2Szg4REIwZz09&pid=0107&cuy=za&pn=%2B27818853138","url_ban":"https:\/\/api.duraincloud.com\/out\/ext_api\/passMobile?name=Abdu775&pwd=Abdu775123&ApiKey=MnR3RjlYUlZDR1FCQlZ2Szg4REIwZz09&pid=0107&pn=%2B27818853138"},"+27671799472":{"phone":"+27671799472","url_code":"https:\/\/api.duraincloud.com\/out\/ext_api\/getMsg?name=Abdu775&pwd=Abdu775123&ApiKey=MnR3RjlYUlZDR1FCQlZ2Szg4REIwZz09&pid=0107&cuy=za&pn=%2B27671799472","url_ban":"https:\/\/api.duraincloud.com\/out\/ext_api\/passMobile?name=Abdu775&pwd=Abdu775123&ApiKey=MnR3RjlYUlZDR1FCQlZ2Szg4REIwZz09&pid=0107&pn=%2B27671799472"},"+27635096480":{"phone":"+27635096480","url_code":"https:\/\/api.duraincloud.com\/out\/ext_api\/getMsg?name=Abdu775&pwd=Abdu775123&ApiKey=MnR3RjlYUlZDR1FCQlZ2Szg4REIwZz09&pid=0107&cuy=za&pn=%2B27635096480","url_ban":"https:\/\/api.duraincloud.com\/out\/ext_api\/passMobile?name=Abdu775&pwd=Abdu775123&ApiKey=MnR3RjlYUlZDR1FCQlZ2Szg4REIwZz09&pid=0107&pn=%2B27635096480"},"+258869525382":{"phone":"+258869525382","url_code":"https:\/\/api.duraincloud.com\/out\/ext_api\/getMsg?name=Abdu775&pwd=Abdu775123&ApiKey=MnR3RjlYUlZDR1FCQlZ2Szg4REIwZz09&pid=0107&cuy=za&pn=%2B258869525382","url_ban":"https:\/\/api.duraincloud.com\/out\/ext_api\/passMobile?name=Abdu775&pwd=Abdu775123&ApiKey=MnR3RjlYUlZDR1FCQlZ2Szg4REIwZz09&pid=0107&pn=%2B258869525382"},"+27657163724":{"phone":"+27657163724","url_code":"https:\/\/api.duraincloud.com\/out\/ext_api\/getMsg?name=Abdu775&pwd=Abdu775123&ApiKey=MnR3RjlYUlZDR1FCQlZ2Szg4REIwZz09&pid=0107&cuy=za&pn=%2B27657163724","url_ban":"https:\/\/api.duraincloud.com\/out\/ext_api\/passMobile?name=Abdu775&pwd=Abdu775123&ApiKey=MnR3RjlYUlZDR1FCQlZ2Szg4REIwZz09&pid=0107&pn=%2B27657163724"},"+27682299542":{"phone":"+27682299542","url_code":"https:\/\/api.duraincloud.com\/out\/ext_api\/getMsg?name=Abdu775&pwd=Abdu775123&ApiKey=MnR3RjlYUlZDR1FCQlZ2Szg4REIwZz09&pid=0107&cuy=za&pn=%2B27682299542","url_ban":"https:\/\/api.duraincloud.com\/out\/ext_api\/passMobile?name=Abdu775&pwd=Abdu775123&ApiKey=MnR3RjlYUlZDR1FCQlZ2Szg4REIwZz09&pid=0107&pn=%2B27682299542"},"+27639759139":{"phone":"+27639759139","url_code":"https:\/\/api.duraincloud.com\/out\/ext_api\/getMsg?name=Abdu775&pwd=Abdu775123&ApiKey=MnR3RjlYUlZDR1FCQlZ2Szg4REIwZz09&pid=0107&cuy=za&pn=%2B27639759139","url_ban":"https:\/\/api.duraincloud.com\/out\/ext_api\/passMobile?name=Abdu775&pwd=Abdu775123&ApiKey=MnR3RjlYUlZDR1FCQlZ2Szg4REIwZz09&pid=0107&pn=%2B27639759139"},"+27683650180":{"phone":"+27683650180","url_code":"https:\/\/api.duraincloud.com\/out\/ext_api\/getMsg?name=Abdu775&pwd=Abdu775123&ApiKey=MnR3RjlYUlZDR1FCQlZ2Szg4REIwZz09&pid=0107&cuy=za&pn=%2B27683650180","url_ban":"https:\/\/api.duraincloud.com\/out\/ext_api\/passMobile?name=Abdu775&pwd=Abdu775123&ApiKey=MnR3RjlYUlZDR1FCQlZ2Szg4REIwZz09&pid=0107&pn=%2B27683650180"},"+19519028490":{"phone":"+19519028490","url_code":"https:\/\/api.duraincloud.com\/out\/ext_api\/getMsg?name=Llbi33&pwd=asad776010673&ApiKey=cU5zNkppd3NsMHp2cG5wKzF6b3pTUT09&pid=0107&cuy=us&pn=%2B19519028490","url_ban":"https:\/\/api.duraincloud.com\/out\/ext_api\/passMobile?name=Llbi33&pwd=asad776010673&ApiKey=cU5zNkppd3NsMHp2cG5wKzF6b3pTUT09&pid=0107&pn=%2B19519028490"},"+13133127213":{"phone":"+13133127213","url_code":"https:\/\/api.duraincloud.com\/out\/ext_api\/getMsg?name=Llbi33&pwd=asad776010673&ApiKey=cU5zNkppd3NsMHp2cG5wKzF6b3pTUT09&pid=0107&cuy=us&pn=%2B13133127213","url_ban":"https:\/\/api.duraincloud.com\/out\/ext_api\/passMobile?name=Llbi33&pwd=asad776010673&ApiKey=cU5zNkppd3NsMHp2cG5wKzF6b3pTUT09&pid=0107&pn=%2B13133127213"},"+13035912591":{"phone":"+13035912591","url_code":"https:\/\/api.duraincloud.com\/out\/ext_api\/getMsg?name=Llbi33&pwd=asad776010673&ApiKey=cU5zNkppd3NsMHp2cG5wKzF6b3pTUT09&pid=0107&cuy=us&pn=%2B13035912591","url_ban":"https:\/\/api.duraincloud.com\/out\/ext_api\/passMobile?name=Llbi33&pwd=asad776010673&ApiKey=cU5zNkppd3NsMHp2cG5wKzF6b3pTUT09&pid=0107&pn=%2B13035912591"},"+66832498818":{"phone":"+66832498818","url_code":"https:\/\/api.duraincloud.com\/out\/ext_api\/getMsg?name=Llbi33&pwd=asad776010673&ApiKey=cU5zNkppd3NsMHp2cG5wKzF6b3pTUT09&pid=0107&cuy=th&pn=%2B66832498818","url_ban":"https:\/\/api.duraincloud.com\/out\/ext_api\/passMobile?name=Llbi33&pwd=asad776010673&ApiKey=cU5zNkppd3NsMHp2cG5wKzF6b3pTUT09&pid=0107&pn=%2B66832498818"},"+17169079718":{"phone":"+17169079718","url_code":"https:\/\/api.duraincloud.com\/out\/ext_api\/getMsg?name=Llbi33&pwd=asad776010673&ApiKey=cU5zNkppd3NsMHp2cG5wKzF6b3pTUT09&pid=0107&cuy=us&pn=%2B17169079718","url_ban":"https:\/\/api.duraincloud.com\/out\/ext_api\/passMobile?name=Llbi33&pwd=asad776010673&ApiKey=cU5zNkppd3NsMHp2cG5wKzF6b3pTUT09&pid=0107&pn=%2B17169079718"},"+66980870474":{"phone":"+66980870474","url_code":"https:\/\/api.duraincloud.com\/out\/ext_api\/getMsg?name=Llbi33&pwd=asad776010673&ApiKey=cU5zNkppd3NsMHp2cG5wKzF6b3pTUT09&pid=0107&cuy=th&pn=%2B66980870474","url_ban":"https:\/\/api.duraincloud.com\/out\/ext_api\/passMobile?name=Llbi33&pwd=asad776010673&ApiKey=cU5zNkppd3NsMHp2cG5wKzF6b3pTUT09&pid=0107&pn=%2B66980870474"},"+66821789040":{"phone":"+66821789040","url_code":"https:\/\/api.duraincloud.com\/out\/ext_api\/getMsg?name=Llbi33&pwd=asad776010673&ApiKey=cU5zNkppd3NsMHp2cG5wKzF6b3pTUT09&pid=0107&cuy=th&pn=%2B66821789040","url_ban":"https:\/\/api.duraincloud.com\/out\/ext_api\/passMobile?name=Llbi33&pwd=asad776010673&ApiKey=cU5zNkppd3NsMHp2cG5wKzF6b3pTUT09&pid=0107&pn=%2B66821789040"},"+66613821517":{"phone":"+66613821517","url_code":"https:\/\/api.duraincloud.com\/out\/ext_api\/getMsg?name=Llbi33&pwd=asad776010673&ApiKey=cU5zNkppd3NsMHp2cG5wKzF6b3pTUT09&pid=0107&cuy=th&pn=%2B66613821517","url_ban":"https:\/\/api.duraincloud.com\/out\/ext_api\/passMobile?name=Llbi33&pwd=asad776010673&ApiKey=cU5zNkppd3NsMHp2cG5wKzF6b3pTUT09&pid=0107&pn=%2B66613821517"},"+244934612924":{"phone":"+244934612924","url_code":"https:\/\/api.duraincloud.com\/out\/ext_api\/getMsg?name=Llbi33&pwd=asad776010673&ApiKey=cU5zNkppd3NsMHp2cG5wKzF6b3pTUT09&pid=0107&cuy=ao&pn=%2B244934612924","url_ban":"https:\/\/api.duraincloud.com\/out\/ext_api\/passMobile?name=Llbi33&pwd=asad776010673&ApiKey=cU5zNkppd3NsMHp2cG5wKzF6b3pTUT09&pid=0107&pn=%2B244934612924"},"+244939664853":{"phone":"+244939664853","url_code":"https:\/\/api.duraincloud.com\/out\/ext_api\/getMsg?name=Llbi33&pwd=asad776010673&ApiKey=cU5zNkppd3NsMHp2cG5wKzF6b3pTUT09&pid=0107&cuy=ao&pn=%2B244939664853","url_ban":"https:\/\/api.duraincloud.com\/out\/ext_api\/passMobile?name=Llbi33&pwd=asad776010673&ApiKey=cU5zNkppd3NsMHp2cG5wKzF6b3pTUT09&pid=0107&pn=%2B244939664853"},"+244922026473":{"phone":"+244922026473","url_code":"https:\/\/api.duraincloud.com\/out\/ext_api\/getMsg?name=Llbi33&pwd=asad776010673&ApiKey=cU5zNkppd3NsMHp2cG5wKzF6b3pTUT09&pid=0107&cuy=ao&pn=%2B244922026473","url_ban":"https:\/\/api.duraincloud.com\/out\/ext_api\/passMobile?name=Llbi33&pwd=asad776010673&ApiKey=cU5zNkppd3NsMHp2cG5wKzF6b3pTUT09&pid=0107&pn=%2B244922026473"},"+244929200288":{"phone":"+244929200288","url_code":"https:\/\/api.duraincloud.com\/out\/ext_api\/getMsg?name=Llbi33&pwd=asad776010673&ApiKey=cU5zNkppd3NsMHp2cG5wKzF6b3pTUT09&pid=0107&cuy=ao&pn=%2B244929200288","url_ban":"https:\/\/api.duraincloud.com\/out\/ext_api\/passMobile?name=Llbi33&pwd=asad776010673&ApiKey=cU5zNkppd3NsMHp2cG5wKzF6b3pTUT09&pid=0107&pn=%2B244929200288"},"+244940945964":{"phone":"+244940945964","url_code":"https:\/\/api.duraincloud.com\/out\/ext_api\/getMsg?name=Llbi33&pwd=asad776010673&ApiKey=cU5zNkppd3NsMHp2cG5wKzF6b3pTUT09&pid=0107&cuy=ao&pn=%2B244940945964","url_ban":"https:\/\/api.duraincloud.com\/out\/ext_api\/passMobile?name=Llbi33&pwd=asad776010673&ApiKey=cU5zNkppd3NsMHp2cG5wKzF6b3pTUT09&pid=0107&pn=%2B244940945964"},"+244925539295":{"phone":"+244925539295","url_code":"https:\/\/api.duraincloud.com\/out\/ext_api\/getMsg?name=Llbi33&pwd=asad776010673&ApiKey=cU5zNkppd3NsMHp2cG5wKzF6b3pTUT09&pid=0107&cuy=ao&pn=%2B244925539295","url_ban":"https:\/\/api.duraincloud.com\/out\/ext_api\/passMobile?name=Llbi33&pwd=asad776010673&ApiKey=cU5zNkppd3NsMHp2cG5wKzF6b3pTUT09&pid=0107&pn=%2B244925539295"},"+66936234620":{"phone":"+66936234620","url_code":"https:\/\/api.duraincloud.com\/out\/ext_api\/getMsg?name=Llbi33&pwd=asad776010673&ApiKey=cU5zNkppd3NsMHp2cG5wKzF6b3pTUT09&pid=0107&cuy=th&pn=%2B66936234620","url_ban":"https:\/\/api.duraincloud.com\/out\/ext_api\/passMobile?name=Llbi33&pwd=asad776010673&ApiKey=cU5zNkppd3NsMHp2cG5wKzF6b3pTUT09&pid=0107&pn=%2B66936234620"},"+66986045501":{"phone":"+66986045501","url_code":"https:\/\/api.duraincloud.com\/out\/ext_api\/getMsg?name=Llbi33&pwd=asad776010673&ApiKey=cU5zNkppd3NsMHp2cG5wKzF6b3pTUT09&pid=0107&cuy=th&pn=%2B66986045501","url_ban":"https:\/\/api.duraincloud.com\/out\/ext_api\/passMobile?name=Llbi33&pwd=asad776010673&ApiKey=cU5zNkppd3NsMHp2cG5wKzF6b3pTUT09&pid=0107&pn=%2B66986045501"},"+213555674619":{"phone":"+213555674619","url_code":"https:\/\/api.duraincloud.com\/out\/ext_api\/getMsg?name=Llbi33&pwd=asad776010673&ApiKey=cU5zNkppd3NsMHp2cG5wKzF6b3pTUT09&pid=0107&cuy=dz&pn=%2B213555674619","url_ban":"https:\/\/api.duraincloud.com\/out\/ext_api\/passMobile?name=Llbi33&pwd=asad776010673&ApiKey=cU5zNkppd3NsMHp2cG5wKzF6b3pTUT09&pid=0107&pn=%2B213555674619"},"+213555525861":{"phone":"+213555525861","url_code":"https:\/\/api.duraincloud.com\/out\/ext_api\/getMsg?name=Llbi33&pwd=asad776010673&ApiKey=cU5zNkppd3NsMHp2cG5wKzF6b3pTUT09&pid=0107&cuy=dz&pn=%2B213555525861","url_ban":"https:\/\/api.duraincloud.com\/out\/ext_api\/passMobile?name=Llbi33&pwd=asad776010673&ApiKey=cU5zNkppd3NsMHp2cG5wKzF6b3pTUT09&pid=0107&pn=%2B213555525861"},"+213553945990":{"phone":"+213553945990","url_code":"https:\/\/api.duraincloud.com\/out\/ext_api\/getMsg?name=Llbi33&pwd=asad776010673&ApiKey=cU5zNkppd3NsMHp2cG5wKzF6b3pTUT09&pid=0107&cuy=dz&pn=%2B213553945990","url_ban":"https:\/\/api.duraincloud.com\/out\/ext_api\/passMobile?name=Llbi33&pwd=asad776010673&ApiKey=cU5zNkppd3NsMHp2cG5wKzF6b3pTUT09&pid=0107&pn=%2B213553945990"},"+213775192382":{"phone":"+213775192382","url_code":"https:\/\/api.duraincloud.com\/out\/ext_api\/getMsg?name=Abdu775&pwd=Abdu775123&ApiKey=OVRVa21tWGZFOUQvUkZ0Q1FNQWJQZz09&pid=0107&cuy=dz&pn=%2B213775192382","url_ban":"https:\/\/api.duraincloud.com\/out\/ext_api\/passMobile?name=Abdu775&pwd=Abdu775123&ApiKey=OVRVa21tWGZFOUQvUkZ0Q1FNQWJQZz09&pid=0107&pn=%2B213775192382"},"+213549088396":{"phone":"+213549088396","url_code":"https:\/\/api.duraincloud.com\/out\/ext_api\/getMsg?name=Abdu775&pwd=Abdu775123&ApiKey=OVRVa21tWGZFOUQvUkZ0Q1FNQWJQZz09&pid=0107&cuy=dz&pn=%2B213549088396","url_ban":"https:\/\/api.duraincloud.com\/out\/ext_api\/passMobile?name=Abdu775&pwd=Abdu775123&ApiKey=OVRVa21tWGZFOUQvUkZ0Q1FNQWJQZz09&pid=0107&pn=%2B213549088396"},"+213553744963":{"phone":"+213553744963","url_code":"https:\/\/api.duraincloud.com\/out\/ext_api\/getMsg?name=Abdu775&pwd=Abdu775123&ApiKey=OVRVa21tWGZFOUQvUkZ0Q1FNQWJQZz09&pid=0107&cuy=dz&pn=%2B213553744963","url_ban":"https:\/\/api.duraincloud.com\/out\/ext_api\/passMobile?name=Abdu775&pwd=Abdu775123&ApiKey=OVRVa21tWGZFOUQvUkZ0Q1FNQWJQZz09&pid=0107&pn=%2B213553744963"},"+213771903438":{"phone":"+213771903438","url_code":"https:\/\/api.duraincloud.com\/out\/ext_api\/getMsg?name=Abdu775&pwd=Abdu775123&ApiKey=OVRVa21tWGZFOUQvUkZ0Q1FNQWJQZz09&pid=0107&cuy=dz&pn=%2B213771903438","url_ban":"https:\/\/api.duraincloud.com\/out\/ext_api\/passMobile?name=Abdu775&pwd=Abdu775123&ApiKey=OVRVa21tWGZFOUQvUkZ0Q1FNQWJQZz09&pid=0107&pn=%2B213771903438"},"+213667011848":{"phone":"+213667011848","url_code":"https:\/\/api.duraincloud.com\/out\/ext_api\/getMsg?name=Abdu775&pwd=Abdu775123&ApiKey=OVRVa21tWGZFOUQvUkZ0Q1FNQWJQZz09&pid=0107&cuy=dz&pn=%2B213667011848","url_ban":"https:\/\/api.duraincloud.com\/out\/ext_api\/passMobile?name=Abdu775&pwd=Abdu775123&ApiKey=OVRVa21tWGZFOUQvUkZ0Q1FNQWJQZz09&pid=0107&pn=%2B213667011848"},"+213555469364":{"phone":"+213555469364","url_code":"https:\/\/api.duraincloud.com\/out\/ext_api\/getMsg?name=Abdu775&pwd=Abdu775123&ApiKey=OVRVa21tWGZFOUQvUkZ0Q1FNQWJQZz09&pid=0107&cuy=dz&pn=%2B213555469364","url_ban":"https:\/\/api.duraincloud.com\/out\/ext_api\/passMobile?name=Abdu775&pwd=Abdu775123&ApiKey=OVRVa21tWGZFOUQvUkZ0Q1FNQWJQZz09&pid=0107&pn=%2B213555469364"},"+905331653796":{"phone":"+905331653796","url_code":"https:\/\/api.duraincloud.com\/out\/ext_api\/getMsg?name=Abdu775&pwd=Abdu775123&ApiKey=OVRVa21tWGZFOUQvUkZ0Q1FNQWJQZz09&pid=0107&cuy=tr&pn=%2B905331653796","url_ban":"https:\/\/api.duraincloud.com\/out\/ext_api\/passMobile?name=Abdu775&pwd=Abdu775123&ApiKey=OVRVa21tWGZFOUQvUkZ0Q1FNQWJQZz09&pid=0107&pn=%2B905331653796"},"+213773287236":{"phone":"+213773287236","url_code":"https:\/\/api.duraincloud.com\/out\/ext_api\/getMsg?name=Abdu775&pwd=Abdu775123&ApiKey=OVRVa21tWGZFOUQvUkZ0Q1FNQWJQZz09&pid=0107&cuy=dz&pn=%2B213773287236","url_ban":"https:\/\/api.duraincloud.com\/out\/ext_api\/passMobile?name=Abdu775&pwd=Abdu775123&ApiKey=OVRVa21tWGZFOUQvUkZ0Q1FNQWJQZz09&pid=0107&pn=%2B213773287236"},"+213559343116":{"phone":"+213559343116","url_code":"https:\/\/api.duraincloud.com\/out\/ext_api\/getMsg?name=Abdu775&pwd=Abdu775123&ApiKey=OVRVa21tWGZFOUQvUkZ0Q1FNQWJQZz09&pid=0107&cuy=dz&pn=%2B213559343116","url_ban":"https:\/\/api.duraincloud.com\/out\/ext_api\/passMobile?name=Abdu775&pwd=Abdu775123&ApiKey=OVRVa21tWGZFOUQvUkZ0Q1FNQWJQZz09&pid=0107&pn=%2B213559343116"},"+66810235683":{"phone":"+66810235683","url_code":"https:\/\/api.duraincloud.com\/out\/ext_api\/getMsg?name=Abdu775&pwd=Abdu775123&ApiKey=OVRVa21tWGZFOUQvUkZ0Q1FNQWJQZz09&pid=0107&cuy=th&pn=%2B66810235683","url_ban":"https:\/\/api.duraincloud.com\/out\/ext_api\/passMobile?name=Abdu775&pwd=Abdu775123&ApiKey=OVRVa21tWGZFOUQvUkZ0Q1FNQWJQZz09&pid=0107&pn=%2B66810235683"},"+66987018393":{"phone":"+66987018393","url_code":"https:\/\/api.duraincloud.com\/out\/ext_api\/getMsg?name=Abdu775&pwd=Abdu775123&ApiKey=OVRVa21tWGZFOUQvUkZ0Q1FNQWJQZz09&pid=0107&cuy=th&pn=%2B66987018393","url_ban":"https:\/\/api.duraincloud.com\/out\/ext_api\/passMobile?name=Abdu775&pwd=Abdu775123&ApiKey=OVRVa21tWGZFOUQvUkZ0Q1FNQWJQZz09&pid=0107&pn=%2B66987018393"},"+66940516429":{"phone":"+66940516429","url_code":"https:\/\/api.duraincloud.com\/out\/ext_api\/getMsg?name=Abdu775&pwd=Abdu775123&ApiKey=OVRVa21tWGZFOUQvUkZ0Q1FNQWJQZz09&pid=0107&cuy=th&pn=%2B66940516429","url_ban":"https:\/\/api.duraincloud.com\/out\/ext_api\/passMobile?name=Abdu775&pwd=Abdu775123&ApiKey=OVRVa21tWGZFOUQvUkZ0Q1FNQWJQZz09&pid=0107&pn=%2B66940516429"},"+66839975489":{"phone":"+66839975489","url_code":"https:\/\/api.duraincloud.com\/out\/ext_api\/getMsg?name=Abdu775&pwd=Abdu775123&ApiKey=OVRVa21tWGZFOUQvUkZ0Q1FNQWJQZz09&pid=0107&cuy=th&pn=%2B66839975489","url_ban":"https:\/\/api.duraincloud.com\/out\/ext_api\/passMobile?name=Abdu775&pwd=Abdu775123&ApiKey=OVRVa21tWGZFOUQvUkZ0Q1FNQWJQZz09&pid=0107&pn=%2B66839975489"},"+66950682078":{"phone":"+66950682078","url_code":"https:\/\/api.duraincloud.com\/out\/ext_api\/getMsg?name=Abdu775&pwd=Abdu775123&ApiKey=OVRVa21tWGZFOUQvUkZ0Q1FNQWJQZz09&pid=0107&cuy=th&pn=%2B66950682078","url_ban":"https:\/\/api.duraincloud.com\/out\/ext_api\/passMobile?name=Abdu775&pwd=Abdu775123&ApiKey=OVRVa21tWGZFOUQvUkZ0Q1FNQWJQZz09&pid=0107&pn=%2B66950682078"},"+66619748890":{"phone":"+66619748890","url_code":"https:\/\/api.duraincloud.com\/out\/ext_api\/getMsg?name=Abdu775&pwd=Abdu775123&ApiKey=OVRVa21tWGZFOUQvUkZ0Q1FNQWJQZz09&pid=0107&cuy=th&pn=%2B66619748890","url_ban":"https:\/\/api.duraincloud.com\/out\/ext_api\/passMobile?name=Abdu775&pwd=Abdu775123&ApiKey=OVRVa21tWGZFOUQvUkZ0Q1FNQWJQZz09&pid=0107&pn=%2B66619748890"},"+66634650465":{"phone":"+66634650465","url_code":"https:\/\/api.duraincloud.com\/out\/ext_api\/getMsg?name=Abdu775&pwd=Abdu775123&ApiKey=OVRVa21tWGZFOUQvUkZ0Q1FNQWJQZz09&pid=0107&cuy=th&pn=%2B66634650465","url_ban":"https:\/\/api.duraincloud.com\/out\/ext_api\/passMobile?name=Abdu775&pwd=Abdu775123&ApiKey=OVRVa21tWGZFOUQvUkZ0Q1FNQWJQZz09&pid=0107&pn=%2B66634650465"},"+66818928440":{"phone":"+66818928440","url_code":"https:\/\/api.duraincloud.com\/out\/ext_api\/getMsg?name=Abdu775&pwd=Abdu775123&ApiKey=OVRVa21tWGZFOUQvUkZ0Q1FNQWJQZz09&pid=0107&cuy=th&pn=%2B66818928440","url_ban":"https:\/\/api.duraincloud.com\/out\/ext_api\/passMobile?name=Abdu775&pwd=Abdu775123&ApiKey=OVRVa21tWGZFOUQvUkZ0Q1FNQWJQZz09&pid=0107&pn=%2B66818928440"},"+66646686314":{"phone":"+66646686314","url_code":"https:\/\/api.duraincloud.com\/out\/ext_api\/getMsg?name=Abdu775&pwd=Abdu775123&ApiKey=OVRVa21tWGZFOUQvUkZ0Q1FNQWJQZz09&pid=0107&cuy=th&pn=%2B66646686314","url_ban":"https:\/\/api.duraincloud.com\/out\/ext_api\/passMobile?name=Abdu775&pwd=Abdu775123&ApiKey=OVRVa21tWGZFOUQvUkZ0Q1FNQWJQZz09&pid=0107&pn=%2B66646686314"},"+66815162412":{"phone":"+66815162412","url_code":"https:\/\/api.duraincloud.com\/out\/ext_api\/getMsg?name=Abdu775&pwd=Abdu775123&ApiKey=OVRVa21tWGZFOUQvUkZ0Q1FNQWJQZz09&pid=0107&cuy=th&pn=%2B66815162412","url_ban":"https:\/\/api.duraincloud.com\/out\/ext_api\/passMobile?name=Abdu775&pwd=Abdu775123&ApiKey=OVRVa21tWGZFOUQvUkZ0Q1FNQWJQZz09&pid=0107&pn=%2B66815162412"},"+66989265213":{"phone":"+66989265213","url_code":"https:\/\/api.duraincloud.com\/out\/ext_api\/getMsg?name=Abdu775&pwd=Abdu775123&ApiKey=OVRVa21tWGZFOUQvUkZ0Q1FNQWJQZz09&pid=0107&cuy=th&pn=%2B66989265213","url_ban":"https:\/\/api.duraincloud.com\/out\/ext_api\/passMobile?name=Abdu775&pwd=Abdu775123&ApiKey=OVRVa21tWGZFOUQvUkZ0Q1FNQWJQZz09&pid=0107&pn=%2B66989265213"},"+66935400384":{"phone":"+66935400384","url_code":"https:\/\/api.duraincloud.com\/out\/ext_api\/getMsg?name=Abdu775&pwd=Abdu775123&ApiKey=OVRVa21tWGZFOUQvUkZ0Q1FNQWJQZz09&pid=0107&cuy=th&pn=%2B66935400384","url_ban":"https:\/\/api.duraincloud.com\/out\/ext_api\/passMobile?name=Abdu775&pwd=Abdu775123&ApiKey=OVRVa21tWGZFOUQvUkZ0Q1FNQWJQZz09&pid=0107&pn=%2B66935400384"},"+905544927279":{"phone":"+905544927279","url_code":"https:\/\/api.duraincloud.com\/out\/ext_api\/getMsg?name=Abdu775&pwd=Abdu775123&ApiKey=OVRVa21tWGZFOUQvUkZ0Q1FNQWJQZz09&pid=0107&cuy=tr&pn=%2B905544927279","url_ban":"https:\/\/api.duraincloud.com\/out\/ext_api\/passMobile?name=Abdu775&pwd=Abdu775123&ApiKey=OVRVa21tWGZFOUQvUkZ0Q1FNQWJQZz09&pid=0107&pn=%2B905544927279"},"+66632638078":{"phone":"+66632638078","url_code":"https:\/\/api.duraincloud.com\/out\/ext_api\/getMsg?name=Abdu775&pwd=Abdu775123&ApiKey=OVRVa21tWGZFOUQvUkZ0Q1FNQWJQZz09&pid=0107&cuy=th&pn=%2B66632638078","url_ban":"https:\/\/api.duraincloud.com\/out\/ext_api\/passMobile?name=Abdu775&pwd=Abdu775123&ApiKey=OVRVa21tWGZFOUQvUkZ0Q1FNQWJQZz09&pid=0107&pn=%2B66632638078"},"+905417283211":{"phone":"+905417283211","url_code":"https:\/\/api.duraincloud.com\/out\/ext_api\/getMsg?name=Abdu775&pwd=Abdu775123&ApiKey=OVRVa21tWGZFOUQvUkZ0Q1FNQWJQZz09&pid=0107&cuy=tr&pn=%2B905417283211","url_ban":"https:\/\/api.duraincloud.com\/out\/ext_api\/passMobile?name=Abdu775&pwd=Abdu775123&ApiKey=OVRVa21tWGZFOUQvUkZ0Q1FNQWJQZz09&pid=0107&pn=%2B905417283211"},"+66620680664":{"phone":"+66620680664","url_code":"https:\/\/api.duraincloud.com\/out\/ext_api\/getMsg?name=Abdu775&pwd=Abdu775123&ApiKey=OVRVa21tWGZFOUQvUkZ0Q1FNQWJQZz09&pid=0107&cuy=th&pn=%2B66620680664","url_ban":"https:\/\/api.duraincloud.com\/out\/ext_api\/passMobile?name=Abdu775&pwd=Abdu775123&ApiKey=OVRVa21tWGZFOUQvUkZ0Q1FNQWJQZz09&pid=0107&pn=%2B66620680664"},"+905079735832":{"phone":"+905079735832","url_code":"https:\/\/api.duraincloud.com\/out\/ext_api\/getMsg?name=Abdu775&pwd=Abdu775123&ApiKey=OVRVa21tWGZFOUQvUkZ0Q1FNQWJQZz09&pid=0107&cuy=tr&pn=%2B905079735832","url_ban":"https:\/\/api.duraincloud.com\/out\/ext_api\/passMobile?name=Abdu775&pwd=Abdu775123&ApiKey=OVRVa21tWGZFOUQvUkZ0Q1FNQWJQZz09&pid=0107&pn=%2B905079735832"},"+905511991163":{"phone":"+905511991163","url_code":"https:\/\/api.duraincloud.com\/out\/ext_api\/getMsg?name=Abdu775&pwd=Abdu775123&ApiKey=OVRVa21tWGZFOUQvUkZ0Q1FNQWJQZz09&pid=0107&cuy=tr&pn=%2B905511991163","url_ban":"https:\/\/api.duraincloud.com\/out\/ext_api\/passMobile?name=Abdu775&pwd=Abdu775123&ApiKey=OVRVa21tWGZFOUQvUkZ0Q1FNQWJQZz09&pid=0107&pn=%2B905511991163"},"+905510074313":{"phone":"+905510074313","url_code":"https:\/\/api.duraincloud.com\/out\/ext_api\/getMsg?name=Abdu775&pwd=Abdu775123&ApiKey=OVRVa21tWGZFOUQvUkZ0Q1FNQWJQZz09&pid=0107&cuy=tr&pn=%2B905510074313","url_ban":"https:\/\/api.duraincloud.com\/out\/ext_api\/passMobile?name=Abdu775&pwd=Abdu775123&ApiKey=OVRVa21tWGZFOUQvUkZ0Q1FNQWJQZz09&pid=0107&pn=%2B905510074313"},"+905524430589":{"phone":"+905524430589","url_code":"https:\/\/api.duraincloud.com\/out\/ext_api\/getMsg?name=Abdu775&pwd=Abdu775123&ApiKey=OVRVa21tWGZFOUQvUkZ0Q1FNQWJQZz09&pid=0107&cuy=tr&pn=%2B905524430589","url_ban":"https:\/\/api.duraincloud.com\/out\/ext_api\/passMobile?name=Abdu775&pwd=Abdu775123&ApiKey=OVRVa21tWGZFOUQvUkZ0Q1FNQWJQZz09&pid=0107&pn=%2B905524430589"},"+905052930244":{"phone":"+905052930244","url_code":"https:\/\/api.duraincloud.com\/out\/ext_api\/getMsg?name=Abdu775&pwd=Abdu775123&ApiKey=OVRVa21tWGZFOUQvUkZ0Q1FNQWJQZz09&pid=0107&cuy=tr&pn=%2B905052930244","url_ban":"https:\/\/api.duraincloud.com\/out\/ext_api\/passMobile?name=Abdu775&pwd=Abdu775123&ApiKey=OVRVa21tWGZFOUQvUkZ0Q1FNQWJQZz09&pid=0107&pn=%2B905052930244"},"+905398811624":{"phone":"+905398811624","url_code":"https:\/\/api.duraincloud.com\/out\/ext_api\/getMsg?name=Abdu775&pwd=Abdu775123&ApiKey=OVRVa21tWGZFOUQvUkZ0Q1FNQWJQZz09&pid=0107&cuy=tr&pn=%2B905398811624","url_ban":"https:\/\/api.duraincloud.com\/out\/ext_api\/passMobile?name=Abdu775&pwd=Abdu775123&ApiKey=OVRVa21tWGZFOUQvUkZ0Q1FNQWJQZz09&pid=0107&pn=%2B905398811624"},"+905458181645":{"phone":"+905458181645","url_code":"https:\/\/api.duraincloud.com\/out\/ext_api\/getMsg?name=Abdu775&pwd=Abdu775123&ApiKey=OVRVa21tWGZFOUQvUkZ0Q1FNQWJQZz09&pid=0107&cuy=tr&pn=%2B905458181645","url_ban":"https:\/\/api.duraincloud.com\/out\/ext_api\/passMobile?name=Abdu775&pwd=Abdu775123&ApiKey=OVRVa21tWGZFOUQvUkZ0Q1FNQWJQZz09&pid=0107&pn=%2B905458181645"},"+905396275653":{"phone":"+905396275653","url_code":"https:\/\/api.duraincloud.com\/out\/ext_api\/getMsg?name=Abdu775&pwd=Abdu775123&ApiKey=OVRVa21tWGZFOUQvUkZ0Q1FNQWJQZz09&pid=0107&cuy=tr&pn=%2B905396275653","url_ban":"https:\/\/api.duraincloud.com\/out\/ext_api\/passMobile?name=Abdu775&pwd=Abdu775123&ApiKey=OVRVa21tWGZFOUQvUkZ0Q1FNQWJQZz09&pid=0107&pn=%2B905396275653"},"+905310102500":{"phone":"+905310102500","url_code":"https:\/\/api.duraincloud.com\/out\/ext_api\/getMsg?name=Abdu775&pwd=Abdu775123&ApiKey=OVRVa21tWGZFOUQvUkZ0Q1FNQWJQZz09&pid=0107&cuy=tr&pn=%2B905310102500","url_ban":"https:\/\/api.duraincloud.com\/out\/ext_api\/passMobile?name=Abdu775&pwd=Abdu775123&ApiKey=OVRVa21tWGZFOUQvUkZ0Q1FNQWJQZz09&pid=0107&pn=%2B905310102500"},"+905431029976":{"phone":"+905431029976","url_code":"https:\/\/api.duraincloud.com\/out\/ext_api\/getMsg?name=Abdu775&pwd=Abdu775123&ApiKey=OVRVa21tWGZFOUQvUkZ0Q1FNQWJQZz09&pid=0107&cuy=tr&pn=%2B905431029976","url_ban":"https:\/\/api.duraincloud.com\/out\/ext_api\/passMobile?name=Abdu775&pwd=Abdu775123&ApiKey=OVRVa21tWGZFOUQvUkZ0Q1FNQWJQZz09&pid=0107&pn=%2B905431029976"},"+905510356475":{"phone":"+905510356475","url_code":"https:\/\/api.duraincloud.com\/out\/ext_api\/getMsg?name=Abdu775&pwd=Abdu775123&ApiKey=OVRVa21tWGZFOUQvUkZ0Q1FNQWJQZz09&pid=0107&cuy=tr&pn=%2B905510356475","url_ban":"https:\/\/api.duraincloud.com\/out\/ext_api\/passMobile?name=Abdu775&pwd=Abdu775123&ApiKey=OVRVa21tWGZFOUQvUkZ0Q1FNQWJQZz09&pid=0107&pn=%2B905510356475"},"+905344634017":{"phone":"+905344634017","url_code":"https:\/\/api.duraincloud.com\/out\/ext_api\/getMsg?name=Abdu775&pwd=Abdu775123&ApiKey=OVRVa21tWGZFOUQvUkZ0Q1FNQWJQZz09&pid=0107&cuy=tr&pn=%2B905344634017","url_ban":"https:\/\/api.duraincloud.com\/out\/ext_api\/passMobile?name=Abdu775&pwd=Abdu775123&ApiKey=OVRVa21tWGZFOUQvUkZ0Q1FNQWJQZz09&pid=0107&pn=%2B905344634017"},"+213656259656":{"phone":"+213656259656","url_code":"https:\/\/api.duraincloud.com\/out\/ext_api\/getMsg?name=Abdu775&pwd=Abdu775123&ApiKey=OVRVa21tWGZFOUQvUkZ0Q1FNQWJQZz09&pid=0107&cuy=dz&pn=%2B213656259656","url_ban":"https:\/\/api.duraincloud.com\/out\/ext_api\/passMobile?name=Abdu775&pwd=Abdu775123&ApiKey=OVRVa21tWGZFOUQvUkZ0Q1FNQWJQZz09&pid=0107&pn=%2B213656259656"},"+213655526780":{"phone":"+213655526780","url_code":"https:\/\/api.duraincloud.com\/out\/ext_api\/getMsg?name=Abdu775&pwd=Abdu775123&ApiKey=OVRVa21tWGZFOUQvUkZ0Q1FNQWJQZz09&pid=0107&cuy=dz&pn=%2B213655526780","url_ban":"https:\/\/api.duraincloud.com\/out\/ext_api\/passMobile?name=Abdu775&pwd=Abdu775123&ApiKey=OVRVa21tWGZFOUQvUkZ0Q1FNQWJQZz09&pid=0107&pn=%2B213655526780"},"+213669345854":{"phone":"+213669345854","url_code":"https:\/\/api.duraincloud.com\/out\/ext_api\/getMsg?name=Abdu775&pwd=Abdu775123&ApiKey=OVRVa21tWGZFOUQvUkZ0Q1FNQWJQZz09&pid=0107&cuy=dz&pn=%2B213669345854","url_ban":"https:\/\/api.duraincloud.com\/out\/ext_api\/passMobile?name=Abdu775&pwd=Abdu775123&ApiKey=OVRVa21tWGZFOUQvUkZ0Q1FNQWJQZz09&pid=0107&pn=%2B213669345854"},"+213663765496":{"phone":"+213663765496","url_code":"https:\/\/api.duraincloud.com\/out\/ext_api\/getMsg?name=Abdu775&pwd=Abdu775123&ApiKey=OVRVa21tWGZFOUQvUkZ0Q1FNQWJQZz09&pid=0107&cuy=dz&pn=%2B213663765496","url_ban":"https:\/\/api.duraincloud.com\/out\/ext_api\/passMobile?name=Abdu775&pwd=Abdu775123&ApiKey=OVRVa21tWGZFOUQvUkZ0Q1FNQWJQZz09&pid=0107&pn=%2B213663765496"},"+213799082180":{"phone":"+213799082180","url_code":"https:\/\/api.duraincloud.com\/out\/ext_api\/getMsg?name=Abdu775&pwd=Abdu775123&ApiKey=OVRVa21tWGZFOUQvUkZ0Q1FNQWJQZz09&pid=0107&cuy=dz&pn=%2B213799082180","url_ban":"https:\/\/api.duraincloud.com\/out\/ext_api\/passMobile?name=Abdu775&pwd=Abdu775123&ApiKey=OVRVa21tWGZFOUQvUkZ0Q1FNQWJQZz09&pid=0107&pn=%2B213799082180"},"+213773964692":{"phone":"+213773964692","url_code":"https:\/\/api.duraincloud.com\/out\/ext_api\/getMsg?name=Abdu775&pwd=Abdu775123&ApiKey=OVRVa21tWGZFOUQvUkZ0Q1FNQWJQZz09&pid=0107&cuy=dz&pn=%2B213773964692","url_ban":"https:\/\/api.duraincloud.com\/out\/ext_api\/passMobile?name=Abdu775&pwd=Abdu775123&ApiKey=OVRVa21tWGZFOUQvUkZ0Q1FNQWJQZz09&pid=0107&pn=%2B213773964692"},"+213556171566":{"phone":"+213556171566","url_code":"https:\/\/api.duraincloud.com\/out\/ext_api\/getMsg?name=Abdu775&pwd=Abdu775123&ApiKey=OVRVa21tWGZFOUQvUkZ0Q1FNQWJQZz09&pid=0107&cuy=dz&pn=%2B213556171566","url_ban":"https:\/\/api.duraincloud.com\/out\/ext_api\/passMobile?name=Abdu775&pwd=Abdu775123&ApiKey=OVRVa21tWGZFOUQvUkZ0Q1FNQWJQZz09&pid=0107&pn=%2B213556171566"},"+213661304314":{"phone":"+213661304314","url_code":"https:\/\/api.duraincloud.com\/out\/ext_api\/getMsg?name=Abdu775&pwd=Abdu775123&ApiKey=OVRVa21tWGZFOUQvUkZ0Q1FNQWJQZz09&pid=0107&cuy=dz&pn=%2B213661304314","url_ban":"https:\/\/api.duraincloud.com\/out\/ext_api\/passMobile?name=Abdu775&pwd=Abdu775123&ApiKey=OVRVa21tWGZFOUQvUkZ0Q1FNQWJQZz09&pid=0107&pn=%2B213661304314"},"+213778535859":{"phone":"+213778535859","url_code":"https:\/\/api.duraincloud.com\/out\/ext_api\/getMsg?name=Abdu775&pwd=Abdu775123&ApiKey=OVRVa21tWGZFOUQvUkZ0Q1FNQWJQZz09&pid=0107&cuy=dz&pn=%2B213778535859","url_ban":"https:\/\/api.duraincloud.com\/out\/ext_api\/passMobile?name=Abdu775&pwd=Abdu775123&ApiKey=OVRVa21tWGZFOUQvUkZ0Q1FNQWJQZz09&pid=0107&pn=%2B213778535859"}}}